1	16	validated	31439b29	curated	Tanuki 公开精选集
2	19	validated	a28451cc	curated	Tanuki 公开精选集
3	16	validated	96aa80d7	curated	Tanuki 公开精选集
4	19	validated	50e9d84c	curated	Tanuki 公开精选集
5	21	validated	317b2ba5	curated	Tanuki 公开精选集
6	31	validated	60e7cb71	curated	Tanuki 公开精选集
7	35	validated	910b9222	curated	Tanuki 公开精选集
8	36	validated	0b48bcbe	curated	Tanuki 公开精选集
9	42	validated	62376fb3	curated	Tanuki 公开精选集
10	42	validated	007ec2dc	curated	Tanuki 公开精选集
11	36	validated	9db55b2c	curated	Tanuki 公开精选集
12	43	validated	6130aa92	curated	Tanuki 公开精选集
13	30	validated	ed697564	curated	Tanuki 公开精选集
14	30	validated	b69881a4	curated	Tanuki 公开精选集
15	39	validated	adcff745	curated	Tanuki 公开精选集
16	31	validated	f75bfec4	curated	Tanuki 公开精选集
17	34	validated	a641038e	curated	Tanuki 公开精选集
18	49	validated	e9393c09	curated	Tanuki 公开精选集
19	26	validated	36b30bc0	curated	Tanuki 公开精选集
20	36	validated	cec1b4c6	curated	Tanuki 公开精选集
21	29	validated	c89678e5	curated	Tanuki 公开精选集
22	26	validated	dd29420b	curated	Tanuki 公开精选集
23	34	validated	d4c0a918	curated	Tanuki 公开精选集
24	21	validated	35d62ef2	curated	Tanuki 公开精选集
25	42	validated	1a402f8a	curated	Tanuki 公开精选集
26	42	validated	65577f8a	curated	Tanuki 公开精选集
27	46	validated	b203ab10	curated	Tanuki 公开精选集
28	31	validated	f3514b19	curated	Tanuki 公开精选集
29	21	validated	8cfd2232	curated	Tanuki 公开精选集
30	19	expanded	bcc9824a	expanded	Tanuki 生成扩展集
31	16	expanded	9db362d4	expanded	Tanuki 生成扩展集
32	19	expanded	e8220205	expanded	Tanuki 生成扩展集
33	18	expanded	ddb53a6f	expanded	Tanuki 生成扩展集
34	20	expanded	1e722dfd	expanded	Tanuki 生成扩展集
35	16	expanded	8a040f5d	expanded	Tanuki 生成扩展集
36	20	expanded	6a4206f1	expanded	Tanuki 生成扩展集
37	18	expanded	04b18d79	expanded	Tanuki 生成扩展集
38	18	expanded	220b1e72	expanded	Tanuki 生成扩展集
39	18	expanded	2dfefbbd	expanded	Tanuki 生成扩展集
40	18	expanded	6ca7ad2d	expanded	Tanuki 生成扩展集
41	18	expanded	bd77bf3a	expanded	Tanuki 生成扩展集
42	18	expanded	40db7b9f	expanded	Tanuki 生成扩展集
43	18	expanded	ef8be598	expanded	Tanuki 生成扩展集
44	22	expanded	ec89f68a	expanded	Tanuki 生成扩展集
45	18	expanded	a9061eac	expanded	Tanuki 生成扩展集
46	20	expanded	678eec44	expanded	Tanuki 生成扩展集
47	18	expanded	004f7fee	expanded	Tanuki 生成扩展集
48	20	expanded	0adbccff	expanded	Tanuki 生成扩展集
49	18	expanded	bcd30b6c	expanded	Tanuki 生成扩展集
50	20	expanded	5b940f84	expanded	Tanuki 生成扩展集
51	16	expanded	68fb0508	expanded	Tanuki 生成扩展集
52	20	expanded	81d2cd41	expanded	Tanuki 生成扩展集
53	18	expanded	f623cc34	expanded	Tanuki 生成扩展集
54	20	expanded	db421218	expanded	Tanuki 生成扩展集
55	18	expanded	79124b74	expanded	Tanuki 生成扩展集
56	20	expanded	4f63ebce	expanded	Tanuki 生成扩展集
57	20	expanded	aeaf4eaf	expanded	Tanuki 生成扩展集
58	16	expanded	b82695a7	expanded	Tanuki 生成扩展集
59	20	expanded	4a18d171	expanded	Tanuki 生成扩展集
60	18	expanded	cfdbefbb	expanded	Tanuki 生成扩展集
61	20	expanded	a8be3c55	expanded	Tanuki 生成扩展集
62	18	expanded	5089b220	expanded	Tanuki 生成扩展集
63	20	expanded	a29356ae	expanded	Tanuki 生成扩展集
64	18	expanded	b596bf3d	expanded	Tanuki 生成扩展集
65	20	expanded	4427bf17	expanded	Tanuki 生成扩展集
66	16	expanded	49895fd7	expanded	Tanuki 生成扩展集
67	20	expanded	d6ae04b4	expanded	Tanuki 生成扩展集
68	18	expanded	598e0b67	expanded	Tanuki 生成扩展集
69	20	expanded	605e5dcc	expanded	Tanuki 生成扩展集
70	18	expanded	3219cde7	expanded	Tanuki 生成扩展集
71	20	expanded	66c9310c	expanded	Tanuki 生成扩展集
72	18	expanded	e81fdee7	expanded	Tanuki 生成扩展集
73	20	expanded	747b2b71	expanded	Tanuki 生成扩展集
74	20	expanded	351ebb50	expanded	Tanuki 生成扩展集
75	20	expanded	3b8b1045	expanded	Tanuki 生成扩展集
76	16	expanded	5d5f7874	expanded	Tanuki 生成扩展集
77	20	expanded	854c0e7c	expanded	Tanuki 生成扩展集
78	18	expanded	db90c183	expanded	Tanuki 生成扩展集
79	20	expanded	fd3195fc	expanded	Tanuki 生成扩展集
80	16	expanded	988e6886	expanded	Tanuki 生成扩展集
81	20	expanded	64e22e45	expanded	Tanuki 生成扩展集
82	18	expanded	e181d3dd	expanded	Tanuki 生成扩展集
83	20	expanded	5957ab07	expanded	Tanuki 生成扩展集
84	16	expanded	e77c451a	expanded	Tanuki 生成扩展集
85	20	expanded	e0c2e3bd	expanded	Tanuki 生成扩展集
86	18	expanded	75e049e1	expanded	Tanuki 生成扩展集
87	20	expanded	f688013d	expanded	Tanuki 生成扩展集
88	18	expanded	07656590	expanded	Tanuki 生成扩展集
89	20	expanded	91b85206	expanded	Tanuki 生成扩展集
90	20	expanded	630bc07c	expanded	Tanuki 生成扩展集
91	18	expanded	143585b8	expanded	Tanuki 生成扩展集
92	20	expanded	03cc274f	expanded	Tanuki 生成扩展集
93	18	expanded	60cfc0b2	expanded	Tanuki 生成扩展集
94	20	expanded	ff884c14	expanded	Tanuki 生成扩展集
95	18	expanded	f1c740ef	expanded	Tanuki 生成扩展集
96	20	expanded	cb3b5622	expanded	Tanuki 生成扩展集
97	18	expanded	f6c26c38	expanded	Tanuki 生成扩展集
98	18	expanded	ce31f0a8	expanded	Tanuki 生成扩展集
99	18	expanded	7041e7bb	expanded	Tanuki 生成扩展集
100	18	expanded	d49cc3e8	expanded	Tanuki 生成扩展集
101	18	expanded	1e462178	expanded	Tanuki 生成扩展集
102	20	expanded	d12c687c	expanded	Tanuki 生成扩展集
103	18	expanded	56588672	expanded	Tanuki 生成扩展集
104	18	expanded	d726d9b9	expanded	Tanuki 生成扩展集
105	18	expanded	2b695371	expanded	Tanuki 生成扩展集
106	18	expanded	19bd50c2	expanded	Tanuki 生成扩展集
107	18	expanded	d1a26c78	expanded	Tanuki 生成扩展集
108	18	expanded	bbe0bf93	expanded	Tanuki 生成扩展集
109	18	expanded	6d5641f7	expanded	Tanuki 生成扩展集
110	18	expanded	38324544	expanded	Tanuki 生成扩展集
111	18	expanded	dc5ec1ba	expanded	Tanuki 生成扩展集
112	18	expanded	cf61df01	expanded	Tanuki 生成扩展集
113	18	expanded	25c166ef	expanded	Tanuki 生成扩展集
114	18	expanded	d1d895b0	expanded	Tanuki 生成扩展集
115	16	expanded	da80e014	expanded	Tanuki 生成扩展集
116	20	expanded	29822671	expanded	Tanuki 生成扩展集
117	16	expanded	9893f18e	expanded	Tanuki 生成扩展集
118	20	expanded	daddb20e	expanded	Tanuki 生成扩展集
119	16	expanded	d93c2111	expanded	Tanuki 生成扩展集
120	20	expanded	cf66dd8f	expanded	Tanuki 生成扩展集
121	20	expanded	58684515	expanded	Tanuki 生成扩展集
122	20	expanded	877f817a	expanded	Tanuki 生成扩展集
123	16	expanded	de6facb8	expanded	Tanuki 生成扩展集
124	20	expanded	22afd243	expanded	Tanuki 生成扩展集
125	16	expanded	ae863ea3	expanded	Tanuki 生成扩展集
126	18	expanded	96cd66a7	expanded	Tanuki 生成扩展集
127	18	expanded	709c19dc	expanded	Tanuki 生成扩展集
128	18	expanded	04e365ee	expanded	Tanuki 生成扩展集
129	18	expanded	e2aacc5b	expanded	Tanuki 生成扩展集
130	18	expanded	d9173460	expanded	Tanuki 生成扩展集
131	18	expanded	5f5f73ff	expanded	Tanuki 生成扩展集
132	18	expanded	16dfec26	expanded	Tanuki 生成扩展集
133	18	expanded	dccb5946	expanded	Tanuki 生成扩展集
134	18	expanded	b57006a0	expanded	Tanuki 生成扩展集
135	18	expanded	23b81863	expanded	Tanuki 生成扩展集
136	18	expanded	60e40866	expanded	Tanuki 生成扩展集
137	18	expanded	c1853f20	expanded	Tanuki 生成扩展集
138	18	expanded	c2929edf	expanded	Tanuki 生成扩展集
139	18	expanded	e72c8cdd	expanded	Tanuki 生成扩展集
140	18	expanded	6184cd98	expanded	Tanuki 生成扩展集
141	20	expanded	4f8a17f9	expanded	Tanuki 生成扩展集
142	18	expanded	c9591d56	expanded	Tanuki 生成扩展集
143	16	expanded	ee84ca13	expanded	Tanuki 生成扩展集
144	18	expanded	c970cca7	expanded	Tanuki 生成扩展集
145	20	expanded	354397fa	expanded	Tanuki 生成扩展集
146	18	expanded	566954de	expanded	Tanuki 生成扩展集
147	16	expanded	cc362af4	expanded	Tanuki 生成扩展集
148	18	expanded	7702ca5f	expanded	Tanuki 生成扩展集
149	16	expanded	c6e76676	expanded	Tanuki 生成扩展集
150	18	expanded	201877e6	expanded	Tanuki 生成扩展集
151	20	expanded	0dcf5a7a	expanded	Tanuki 生成扩展集
152	18	expanded	775bbb58	expanded	Tanuki 生成扩展集
153	20	expanded	3e231497	expanded	Tanuki 生成扩展集
154	18	expanded	6ea765d7	expanded	Tanuki 生成扩展集
155	20	expanded	82b295d8	expanded	Tanuki 生成扩展集
156	18	expanded	693f6cee	expanded	Tanuki 生成扩展集
157	18	expanded	13d890eb	expanded	Tanuki 生成扩展集
158	18	expanded	fddb14f5	expanded	Tanuki 生成扩展集
159	16	expanded	a0ef5616	expanded	Tanuki 生成扩展集
160	18	expanded	c6ed03a3	expanded	Tanuki 生成扩展集
161	16	expanded	61a89fd8	expanded	Tanuki 生成扩展集
162	18	expanded	c81ee329	expanded	Tanuki 生成扩展集
163	18	expanded	69e03220	expanded	Tanuki 生成扩展集
164	18	expanded	69e861ad	expanded	Tanuki 生成扩展集
165	18	expanded	121879ae	expanded	Tanuki 生成扩展集
166	18	expanded	76b2c699	expanded	Tanuki 生成扩展集
167	18	expanded	ee984e19	expanded	Tanuki 生成扩展集
168	20	expanded	31a034d3	expanded	Tanuki 生成扩展集
169	20	expanded	56a1adad	expanded	Tanuki 生成扩展集
170	21	expanded	f469242c	expanded	Tanuki 生成扩展集
171	18	expanded	9dd47b07	expanded	Tanuki 生成扩展集
172	21	expanded	cab312f2	expanded	Tanuki 生成扩展集
173	18	expanded	d2a61107	expanded	Tanuki 生成扩展集
174	21	expanded	e8f324f6	expanded	Tanuki 生成扩展集
175	18	expanded	39e633c4	expanded	Tanuki 生成扩展集
176	19	expanded	7a197688	expanded	Tanuki 生成扩展集
177	18	expanded	81435332	expanded	Tanuki 生成扩展集
178	19	expanded	ee035d7f	expanded	Tanuki 生成扩展集
179	20	expanded	0bbf36e4	expanded	Tanuki 生成扩展集
180	21	expanded	07cfb916	expanded	Tanuki 生成扩展集
181	20	expanded	ef5f0015	expanded	Tanuki 生成扩展集
182	19	expanded	9c962003	expanded	Tanuki 生成扩展集
183	19	expanded	7af45c2b	expanded	Tanuki 生成扩展集
184	23	expanded	d8fe80c5	expanded	Tanuki 生成扩展集
185	19	expanded	306d287c	expanded	Tanuki 生成扩展集
186	19	expanded	46c3d1b3	expanded	Tanuki 生成扩展集
187	19	expanded	556ffdbd	expanded	Tanuki 生成扩展集
188	21	expanded	3160e33b	expanded	Tanuki 生成扩展集
189	23	expanded	80a6d00c	expanded	Tanuki 生成扩展集
190	19	expanded	1e5cbe79	expanded	Tanuki 生成扩展集
191	21	expanded	3c18c2fe	expanded	Tanuki 生成扩展集
192	20	expanded	e91a8b73	expanded	Tanuki 生成扩展集
193	19	expanded	f64d8064	expanded	Tanuki 生成扩展集
194	19	expanded	eb1b6b8a	expanded	Tanuki 生成扩展集
195	21	expanded	e0ea91ec	expanded	Tanuki 生成扩展集
196	18	expanded	4c141218	expanded	Tanuki 生成扩展集
197	21	expanded	069c6205	expanded	Tanuki 生成扩展集
198	17	expanded	08893869	expanded	Tanuki 生成扩展集
199	21	expanded	d286b8c5	expanded	Tanuki 生成扩展集
200	18	expanded	39a5f452	expanded	Tanuki 生成扩展集
201	21	expanded	8abffec6	expanded	Tanuki 生成扩展集
202	19	expanded	aebb8583	expanded	Tanuki 生成扩展集
203	21	expanded	89645fd7	expanded	Tanuki 生成扩展集
204	20	expanded	8499a917	expanded	Tanuki 生成扩展集
205	21	expanded	a1516f2c	expanded	Tanuki 生成扩展集
206	19	expanded	daded8fb	expanded	Tanuki 生成扩展集
207	21	expanded	ce232db7	expanded	Tanuki 生成扩展集
208	19	expanded	eba7a29b	expanded	Tanuki 生成扩展集
209	21	expanded	2b42003c	expanded	Tanuki 生成扩展集
210	19	expanded	46978c68	expanded	Tanuki 生成扩展集
211	21	expanded	cf69f54a	expanded	Tanuki 生成扩展集
212	17	expanded	654914b9	expanded	Tanuki 生成扩展集
213	21	expanded	c9503f08	expanded	Tanuki 生成扩展集
214	18	expanded	3c4ece54	expanded	Tanuki 生成扩展集
215	21	expanded	397b6c0d	expanded	Tanuki 生成扩展集
216	18	expanded	93982f96	expanded	Tanuki 生成扩展集
217	23	expanded	967f0764	expanded	Tanuki 生成扩展集
218	19	expanded	2c84e70c	expanded	Tanuki 生成扩展集
219	21	expanded	ec038d61	expanded	Tanuki 生成扩展集
220	20	expanded	95f8de03	expanded	Tanuki 生成扩展集
221	21	expanded	1fe04699	expanded	Tanuki 生成扩展集
222	19	expanded	34395aed	expanded	Tanuki 生成扩展集
223	21	expanded	50d54dc8	expanded	Tanuki 生成扩展集
224	19	expanded	e9c481ee	expanded	Tanuki 生成扩展集
225	21	expanded	0b110bca	expanded	Tanuki 生成扩展集
226	20	expanded	dd4e9612	expanded	Tanuki 生成扩展集
227	21	expanded	f73a8971	expanded	Tanuki 生成扩展集
228	20	expanded	e81d6be2	expanded	Tanuki 生成扩展集
229	23	expanded	60125e35	expanded	Tanuki 生成扩展集
230	20	expanded	11745f2d	expanded	Tanuki 生成扩展集
231	23	expanded	a47b8017	expanded	Tanuki 生成扩展集
232	21	expanded	2a28b3da	expanded	Tanuki 生成扩展集
233	25	expanded	6eee8fc4	expanded	Tanuki 生成扩展集
234	20	expanded	18ee2d48	expanded	Tanuki 生成扩展集
235	21	expanded	f9a8881c	expanded	Tanuki 生成扩展集
236	19	expanded	5e4d7678	expanded	Tanuki 生成扩展集
237	21	expanded	096f87b9	expanded	Tanuki 生成扩展集
238	19	expanded	d797137e	expanded	Tanuki 生成扩展集
239	23	expanded	df297f8f	expanded	Tanuki 生成扩展集
240	20	expanded	63630647	expanded	Tanuki 生成扩展集
241	25	expanded	39adfe73	expanded	Tanuki 生成扩展集
242	19	expanded	7611de59	expanded	Tanuki 生成扩展集
243	23	expanded	c38358b3	expanded	Tanuki 生成扩展集
244	17	expanded	a991130d	expanded	Tanuki 生成扩展集
245	23	expanded	29849063	expanded	Tanuki 生成扩展集
246	17	expanded	9722f547	expanded	Tanuki 生成扩展集
247	23	expanded	b8b0b981	expanded	Tanuki 生成扩展集
248	19	expanded	6ef16022	expanded	Tanuki 生成扩展集
249	23	expanded	388e4b17	expanded	Tanuki 生成扩展集
250	19	expanded	54ebba07	expanded	Tanuki 生成扩展集
251	23	expanded	de2c3e14	expanded	Tanuki 生成扩展集
252	18	expanded	dc330f5f	expanded	Tanuki 生成扩展集
253	23	expanded	72f6febb	expanded	Tanuki 生成扩展集
254	20	expanded	80719141	expanded	Tanuki 生成扩展集
255	21	expanded	2d285673	expanded	Tanuki 生成扩展集
256	19	expanded	8a16f56c	expanded	Tanuki 生成扩展集
257	21	expanded	989e60f4	expanded	Tanuki 生成扩展集
258	21	expanded	3d3c5f8a	expanded	Tanuki 生成扩展集
259	23	expanded	61db9fa0	expanded	Tanuki 生成扩展集
260	20	expanded	11f2616c	expanded	Tanuki 生成扩展集
261	21	expanded	3f4c3830	expanded	Tanuki 生成扩展集
262	20	expanded	69129196	expanded	Tanuki 生成扩展集
263	23	expanded	a3526441	expanded	Tanuki 生成扩展集
264	19	expanded	aa086211	expanded	Tanuki 生成扩展集
265	23	expanded	4fca6cb5	expanded	Tanuki 生成扩展集
266	20	expanded	25961d14	expanded	Tanuki 生成扩展集
267	23	expanded	4924a551	expanded	Tanuki 生成扩展集
268	21	expanded	52828794	expanded	Tanuki 生成扩展集
269	23	expanded	d27c8cc6	expanded	Tanuki 生成扩展集
270	21	expanded	bf844f23	expanded	Tanuki 生成扩展集
271	23	expanded	0b66c655	expanded	Tanuki 生成扩展集
272	19	expanded	8b68deea	expanded	Tanuki 生成扩展集
273	23	expanded	810d6b8f	expanded	Tanuki 生成扩展集
274	19	expanded	eee94aee	expanded	Tanuki 生成扩展集
275	23	expanded	d271cef4	expanded	Tanuki 生成扩展集
276	21	expanded	9e5e2ad1	expanded	Tanuki 生成扩展集
277	23	expanded	2f90a179	expanded	Tanuki 生成扩展集
278	19	expanded	c0d96b3d	expanded	Tanuki 生成扩展集
279	23	expanded	badb9a18	expanded	Tanuki 生成扩展集
280	19	expanded	0b4e443c	expanded	Tanuki 生成扩展集
281	23	expanded	976fa869	expanded	Tanuki 生成扩展集
282	19	expanded	6970ad61	expanded	Tanuki 生成扩展集
283	23	expanded	66bf01a4	expanded	Tanuki 生成扩展集
284	19	expanded	83131e09	expanded	Tanuki 生成扩展集
285	23	expanded	778fa2fb	expanded	Tanuki 生成扩展集
286	19	expanded	03644713	expanded	Tanuki 生成扩展集
287	23	expanded	6e560024	expanded	Tanuki 生成扩展集
288	21	expanded	8dba13bc	expanded	Tanuki 生成扩展集
289	23	expanded	aa24c749	expanded	Tanuki 生成扩展集
290	21	expanded	74e6bc06	expanded	Tanuki 生成扩展集
291	23	expanded	b01d5ef5	expanded	Tanuki 生成扩展集
292	23	expanded	3da74e1b	expanded	Tanuki 生成扩展集
293	23	expanded	33cfef90	expanded	Tanuki 生成扩展集
294	23	expanded	52d285aa	expanded	Tanuki 生成扩展集
295	23	expanded	1b6fa28a	expanded	Tanuki 生成扩展集
296	23	expanded	1a170aa8	expanded	Tanuki 生成扩展集
297	23	expanded	eaf06ba9	expanded	Tanuki 生成扩展集
298	23	expanded	11cce7c3	expanded	Tanuki 生成扩展集
299	25	expanded	07de1b29	expanded	Tanuki 生成扩展集
300	25	expanded	389cd0cc	expanded	Tanuki 生成扩展集
301	23	expanded	bc547f91	expanded	Tanuki 生成扩展集
302	25	expanded	766d968b	expanded	Tanuki 生成扩展集
303	25	expanded	dddc132f	expanded	Tanuki 生成扩展集
304	25	expanded	6a8d5bf7	expanded	Tanuki 生成扩展集
305	25	expanded	9213bd67	expanded	Tanuki 生成扩展集
306	25	expanded	89f63bcd	expanded	Tanuki 生成扩展集
307	23	expanded	14bf7732	expanded	Tanuki 生成扩展集
308	23	expanded	faf5ee8b	expanded	Tanuki 生成扩展集
309	32	expanded	b39400ca	expanded	Tanuki 生成扩展集
310	23	expanded	bf871c0d	expanded	Tanuki 生成扩展集
311	23	expanded	273e27fb	expanded	Tanuki 生成扩展集
312	23	expanded	2d31acfb	expanded	Tanuki 生成扩展集
313	23	expanded	8a99d2bb	expanded	Tanuki 生成扩展集
314	23	expanded	171ec0fe	expanded	Tanuki 生成扩展集
315	23	expanded	c1af0979	expanded	Tanuki 生成扩展集
316	23	expanded	55758ebd	expanded	Tanuki 生成扩展集
317	23	expanded	1b1ce3b2	expanded	Tanuki 生成扩展集
318	21	expanded	985a363b	expanded	Tanuki 生成扩展集
319	25	expanded	c1923239	expanded	Tanuki 生成扩展集
320	19	expanded	c7ddafea	expanded	Tanuki 生成扩展集
321	25	expanded	9e4f68d9	expanded	Tanuki 生成扩展集
322	21	expanded	7349caf2	expanded	Tanuki 生成扩展集
323	25	expanded	0298f458	expanded	Tanuki 生成扩展集
324	23	expanded	55459ef2	expanded	Tanuki 生成扩展集
325	23	expanded	b72b9b31	expanded	Tanuki 生成扩展集
326	21	expanded	2842c4ac	expanded	Tanuki 生成扩展集
327	25	expanded	2b9b624b	expanded	Tanuki 生成扩展集
328	23	expanded	61983511	expanded	Tanuki 生成扩展集
329	25	expanded	c1f1e456	expanded	Tanuki 生成扩展集
330	21	expanded	aef15687	expanded	Tanuki 生成扩展集
331	25	expanded	83dbc656	expanded	Tanuki 生成扩展集
332	21	expanded	441904dd	expanded	Tanuki 生成扩展集
333	23	expanded	2f810624	expanded	Tanuki 生成扩展集
334	23	expanded	4dbf1faa	expanded	Tanuki 生成扩展集
335	23	expanded	3ca39e63	expanded	Tanuki 生成扩展集
336	21	expanded	b8c1a7e0	expanded	Tanuki 生成扩展集
337	25	expanded	89b8da56	expanded	Tanuki 生成扩展集
338	23	expanded	e4e78715	expanded	Tanuki 生成扩展集
339	25	expanded	6f9cd604	expanded	Tanuki 生成扩展集
340	23	expanded	7c49da92	expanded	Tanuki 生成扩展集
341	25	expanded	ae65bd04	expanded	Tanuki 生成扩展集
342	23	expanded	f5eb2ac2	expanded	Tanuki 生成扩展集
343	21	expanded	357f34e5	expanded	Tanuki 生成扩展集
344	23	expanded	450b93d8	expanded	Tanuki 生成扩展集
345	23	expanded	449c7cb5	expanded	Tanuki 生成扩展集
346	25	expanded	dd0cef52	expanded	Tanuki 生成扩展集
347	25	expanded	6a959a5b	expanded	Tanuki 生成扩展集
348	23	expanded	848e4cb2	expanded	Tanuki 生成扩展集
349	25	expanded	b3a73ada	expanded	Tanuki 生成扩展集
350	23	expanded	f34bd031	expanded	Tanuki 生成扩展集
351	25	expanded	a54d5c17	expanded	Tanuki 生成扩展集
352	21	expanded	e55620fe	expanded	Tanuki 生成扩展集
353	27	expanded	99a25afd	expanded	Tanuki 生成扩展集
354	21	expanded	06cb205b	expanded	Tanuki 生成扩展集
355	25	expanded	0ee92123	expanded	Tanuki 生成扩展集
356	23	expanded	ef851fe5	expanded	Tanuki 生成扩展集
357	25	expanded	19cdcf64	expanded	Tanuki 生成扩展集
358	23	expanded	cb4c61a1	expanded	Tanuki 生成扩展集
359	25	expanded	5b70ada1	expanded	Tanuki 生成扩展集
360	23	expanded	642dc2e8	expanded	Tanuki 生成扩展集
361	27	expanded	bc260dbf	expanded	Tanuki 生成扩展集
362	21	expanded	a0f9c57c	expanded	Tanuki 生成扩展集
363	23	expanded	5ac28efd	expanded	Tanuki 生成扩展集
364	23	expanded	3598c418	expanded	Tanuki 生成扩展集
365	25	expanded	25359eaa	expanded	Tanuki 生成扩展集
366	23	expanded	2acace18	expanded	Tanuki 生成扩展集
367	25	expanded	ab813bd6	expanded	Tanuki 生成扩展集
368	23	expanded	24edba18	expanded	Tanuki 生成扩展集
369	23	expanded	297ad31c	expanded	Tanuki 生成扩展集
370	25	expanded	18b91db1	expanded	Tanuki 生成扩展集
371	23	expanded	b8b64f1b	expanded	Tanuki 生成扩展集
372	25	expanded	765a0e9d	expanded	Tanuki 生成扩展集
373	23	expanded	1e9a1a6f	expanded	Tanuki 生成扩展集
374	25	expanded	97cc8952	expanded	Tanuki 生成扩展集
375	23	expanded	73fdf16e	expanded	Tanuki 生成扩展集
376	25	expanded	d8597d74	expanded	Tanuki 生成扩展集
377	23	expanded	8736266f	expanded	Tanuki 生成扩展集
378	25	expanded	a4edec4e	expanded	Tanuki 生成扩展集
379	23	expanded	bd9bba34	expanded	Tanuki 生成扩展集
380	25	expanded	a1c9bb7b	expanded	Tanuki 生成扩展集
381	23	expanded	b7f5afce	expanded	Tanuki 生成扩展集
382	25	expanded	87eacecd	expanded	Tanuki 生成扩展集
383	23	expanded	9829decb	expanded	Tanuki 生成扩展集
384	25	expanded	7d1cd8cd	expanded	Tanuki 生成扩展集
385	23	expanded	b74e47d2	expanded	Tanuki 生成扩展集
386	25	expanded	25040472	expanded	Tanuki 生成扩展集
387	23	expanded	1a367e4f	expanded	Tanuki 生成扩展集
388	25	expanded	546b0076	expanded	Tanuki 生成扩展集
389	23	expanded	23b31d73	expanded	Tanuki 生成扩展集
390	25	expanded	f3cf235f	expanded	Tanuki 生成扩展集
391	25	expanded	316f0600	expanded	Tanuki 生成扩展集
392	23	expanded	ccee9a19	expanded	Tanuki 生成扩展集
393	25	expanded	0740a441	expanded	Tanuki 生成扩展集
394	23	expanded	bfcc01da	expanded	Tanuki 生成扩展集
395	25	expanded	cfd3bb3f	expanded	Tanuki 生成扩展集
396	23	expanded	2f29f55b	expanded	Tanuki 生成扩展集
397	25	expanded	46fde669	expanded	Tanuki 生成扩展集
398	25	expanded	0d6d56cf	expanded	Tanuki 生成扩展集
399	23	expanded	fd83370e	expanded	Tanuki 生成扩展集
400	25	expanded	3fc4f2d2	expanded	Tanuki 生成扩展集
401	23	expanded	461e2d8d	expanded	Tanuki 生成扩展集
402	25	expanded	a2e5e097	expanded	Tanuki 生成扩展集
403	23	expanded	d2219a13	expanded	Tanuki 生成扩展集
404	25	expanded	6883e855	expanded	Tanuki 生成扩展集
405	25	expanded	f85cb52c	expanded	Tanuki 生成扩展集
406	23	expanded	190e05d2	expanded	Tanuki 生成扩展集
407	25	expanded	153c2fab	expanded	Tanuki 生成扩展集
408	23	expanded	eb30844c	expanded	Tanuki 生成扩展集
409	25	expanded	56bfa2b5	expanded	Tanuki 生成扩展集
410	25	expanded	561a8432	expanded	Tanuki 生成扩展集
411	25	expanded	e6ac8b20	expanded	Tanuki 生成扩展集
412	25	expanded	7162e14f	expanded	Tanuki 生成扩展集
413	23	expanded	928fa387	expanded	Tanuki 生成扩展集
414	23	expanded	10aec9c6	expanded	Tanuki 生成扩展集
415	23	expanded	b9908ead	expanded	Tanuki 生成扩展集
416	23	expanded	4f77b0c6	expanded	Tanuki 生成扩展集
417	23	expanded	0394e9ae	expanded	Tanuki 生成扩展集
418	25	expanded	52a6cf7a	expanded	Tanuki 生成扩展集
419	25	expanded	5d0e9ff1	expanded	Tanuki 生成扩展集
420	25	expanded	4584373b	expanded	Tanuki 生成扩展集
421	25	expanded	240f2966	expanded	Tanuki 生成扩展集
422	25	expanded	f6258802	expanded	Tanuki 生成扩展集
423	25	expanded	5f295ee9	expanded	Tanuki 生成扩展集
424	25	expanded	4f29e174	expanded	Tanuki 生成扩展集
425	27	expanded	253ac88f	expanded	Tanuki 生成扩展集
426	21	expanded	44e1bfbc	expanded	Tanuki 生成扩展集
427	27	expanded	25e3bd4e	expanded	Tanuki 生成扩展集
428	21	expanded	49d2d23c	expanded	Tanuki 生成扩展集
429	27	expanded	41769e91	expanded	Tanuki 生成扩展集
430	23	expanded	47a79cb8	expanded	Tanuki 生成扩展集
431	27	expanded	138fe593	expanded	Tanuki 生成扩展集
432	25	expanded	3579d440	expanded	Tanuki 生成扩展集
433	27	expanded	066d4d54	expanded	Tanuki 生成扩展集
434	25	expanded	257ca0c7	expanded	Tanuki 生成扩展集
435	27	expanded	f0523559	expanded	Tanuki 生成扩展集
436	25	expanded	f0ea52ff	expanded	Tanuki 生成扩展集
437	25	expanded	c1109892	expanded	Tanuki 生成扩展集
438	25	expanded	24d3ac08	expanded	Tanuki 生成扩展集
439	25	expanded	9236a90f	expanded	Tanuki 生成扩展集
440	25	expanded	15231143	expanded	Tanuki 生成扩展集
441	25	expanded	809d310f	expanded	Tanuki 生成扩展集
442	25	expanded	c4c4ed36	expanded	Tanuki 生成扩展集
443	25	expanded	a4157e13	expanded	Tanuki 生成扩展集
444	25	expanded	3c6f6836	expanded	Tanuki 生成扩展集
445	23	expanded	48509177	expanded	Tanuki 生成扩展集
446	23	expanded	fda341b7	expanded	Tanuki 生成扩展集
447	25	expanded	5640e49b	expanded	Tanuki 生成扩展集
448	25	expanded	36682f65	expanded	Tanuki 生成扩展集
449	25	expanded	993f0510	expanded	Tanuki 生成扩展集
450	25	expanded	515b82d5	expanded	Tanuki 生成扩展集
451	25	expanded	f6ff7597	expanded	Tanuki 生成扩展集
452	42	expanded	b774825e	expanded	Tanuki 生成扩展集
453	26	expanded	2f08309a	expanded	Tanuki 生成扩展集
454	42	expanded	6e6a41e0	expanded	Tanuki 生成扩展集
455	25	expanded	71cd82de	expanded	Tanuki 生成扩展集
456	31	expanded	23a85fa8	expanded	Tanuki 生成扩展集
457	31	expanded	642f6223	expanded	Tanuki 生成扩展集
458	36	expanded	5a43dded	expanded	Tanuki 生成扩展集
459	31	expanded	45976022	expanded	Tanuki 生成扩展集
460	36	expanded	72d0886e	expanded	Tanuki 生成扩展集
461	30	expanded	6b9f4521	expanded	Tanuki 生成扩展集
462	34	expanded	eacb1d54	expanded	Tanuki 生成扩展集
463	24	expanded	ce012765	expanded	Tanuki 生成扩展集
464	21	expanded	372e91a8	expanded	Tanuki 生成扩展集
465	21	expanded	1f179cf6	expanded	Tanuki 生成扩展集
466	30	expanded	72fdaa62	expanded	Tanuki 生成扩展集
467	21	expanded	62891a35	expanded	Tanuki 生成扩展集
468	23	expanded	3b22e350	expanded	Tanuki 生成扩展集
469	31	expanded	0b59bcac	expanded	Tanuki 生成扩展集
470	34	expanded	a759a015	expanded	Tanuki 生成扩展集
471	24	expanded	98559f22	expanded	Tanuki 生成扩展集
472	31	expanded	78b0e842	expanded	Tanuki 生成扩展集
473	25	expanded	63084b4d	expanded	Tanuki 生成扩展集
474	29	expanded	cd2ff854	expanded	Tanuki 生成扩展集
475	26	expanded	21d105e3	expanded	Tanuki 生成扩展集
476	42	expanded	192d2f35	expanded	Tanuki 生成扩展集
477	25	expanded	db4afe0f	expanded	Tanuki 生成扩展集
478	30	expanded	7d120f20	expanded	Tanuki 生成扩展集
479	29	expanded	6a397bec	expanded	Tanuki 生成扩展集
480	31	expanded	9a04afd1	expanded	Tanuki 生成扩展集
481	29	expanded	3542ed2c	expanded	Tanuki 生成扩展集
482	31	expanded	7fbf7f53	expanded	Tanuki 生成扩展集
483	29	expanded	0e5c7d7e	expanded	Tanuki 生成扩展集
484	31	expanded	2088d8c5	expanded	Tanuki 生成扩展集
485	30	expanded	04aed904	expanded	Tanuki 生成扩展集
486	31	expanded	a9a4cf44	expanded	Tanuki 生成扩展集
487	30	expanded	c1326482	expanded	Tanuki 生成扩展集
488	31	expanded	8c13e838	expanded	Tanuki 生成扩展集
489	25	expanded	e84425b6	expanded	Tanuki 生成扩展集
490	31	expanded	33ebd8bb	expanded	Tanuki 生成扩展集
491	31	expanded	86987e2f	expanded	Tanuki 生成扩展集
492	29	expanded	f1f9a9ea	expanded	Tanuki 生成扩展集
493	26	expanded	ca7c76a5	expanded	Tanuki 生成扩展集
494	29	expanded	c7c543de	expanded	Tanuki 生成扩展集
495	26	expanded	c0c5715c	expanded	Tanuki 生成扩展集
496	29	expanded	6f9d3461	expanded	Tanuki 生成扩展集
497	26	expanded	30032b5a	expanded	Tanuki 生成扩展集
498	42	expanded	d022eeb7	expanded	Tanuki 生成扩展集
499	26	expanded	b778653f	expanded	Tanuki 生成扩展集
500	23	expanded	780ee690	expanded	Tanuki 生成扩展集
501	31	expanded	1bd36f2a	expanded	Tanuki 生成扩展集
502	21	expanded	9c070b3e	expanded	Tanuki 生成扩展集
503	31	expanded	f308c0ae	expanded	Tanuki 生成扩展集
504	19	expanded	51642fa2	expanded	Tanuki 生成扩展集
505	36	expanded	3f282d5a	expanded	Tanuki 生成扩展集
506	21	expanded	969fb24d	expanded	Tanuki 生成扩展集
507	36	expanded	d7fc3017	expanded	Tanuki 生成扩展集
508	21	expanded	f06fdec9	expanded	Tanuki 生成扩展集
509	36	expanded	5aa39256	expanded	Tanuki 生成扩展集
510	21	expanded	532e350e	expanded	Tanuki 生成扩展集
511	27	expanded	743849bf	expanded	Tanuki 生成扩展集
512	23	expanded	adba6ed3	expanded	Tanuki 生成扩展集
513	26	expanded	dc843878	expanded	Tanuki 生成扩展集
514	25	expanded	f442d5a1	expanded	Tanuki 生成扩展集
515	27	expanded	bbce6fc3	expanded	Tanuki 生成扩展集
516	23	expanded	6bffcad9	expanded	Tanuki 生成扩展集
517	27	expanded	5cb69ba1	expanded	Tanuki 生成扩展集
518	21	expanded	05ea95f1	expanded	Tanuki 生成扩展集
519	27	expanded	909ef000	expanded	Tanuki 生成扩展集
520	23	expanded	e716039c	expanded	Tanuki 生成扩展集
521	27	expanded	791d41e2	expanded	Tanuki 生成扩展集
522	29	expanded	cae008fc	expanded	Tanuki 生成扩展集
523	32	expanded	50d3adf8	expanded	Tanuki 生成扩展集
524	25	expanded	0c3c899a	expanded	Tanuki 生成扩展集
525	34	expanded	b751d6ef	expanded	Tanuki 生成扩展集
526	26	expanded	b679f55d	expanded	Tanuki 生成扩展集
527	32	expanded	6a14e5c9	expanded	Tanuki 生成扩展集
528	27	expanded	e4ae0b3b	expanded	Tanuki 生成扩展集
529	21	expanded	097f15d9	expanded	Tanuki 生成扩展集
530	31	expanded	157a91ab	expanded	Tanuki 生成扩展集
531	23	expanded	b573b280	expanded	Tanuki 生成扩展集
532	31	expanded	6829d631	expanded	Tanuki 生成扩展集
533	23	expanded	d2b44e03	expanded	Tanuki 生成扩展集
534	27	expanded	e54819e6	expanded	Tanuki 生成扩展集
535	25	expanded	50cab8e1	expanded	Tanuki 生成扩展集
536	28	expanded	c5028a5a	expanded	Tanuki 生成扩展集
537	23	expanded	0e45fa79	expanded	Tanuki 生成扩展集
538	30	expanded	f2823f9f	expanded	Tanuki 生成扩展集
539	31	expanded	28b43bad	expanded	Tanuki 生成扩展集
540	23	expanded	7b6aa055	expanded	Tanuki 生成扩展集
541	31	expanded	5378a8b2	expanded	Tanuki 生成扩展集
542	23	expanded	d53accd1	expanded	Tanuki 生成扩展集
543	31	expanded	caf110b0	expanded	Tanuki 生成扩展集
544	23	expanded	37f92316	expanded	Tanuki 生成扩展集
545	31	expanded	9e35513d	expanded	Tanuki 生成扩展集
546	26	expanded	4fb41e00	expanded	Tanuki 生成扩展集
547	24	expanded	54e421e3	expanded	Tanuki 生成扩展集
548	21	expanded	59bf942a	expanded	Tanuki 生成扩展集
549	31	expanded	e1b1c5bf	expanded	Tanuki 生成扩展集
550	21	expanded	b757edeb	expanded	Tanuki 生成扩展集
551	31	expanded	c15297d9	expanded	Tanuki 生成扩展集
552	21	expanded	b250b06b	expanded	Tanuki 生成扩展集
553	27	expanded	7db08500	expanded	Tanuki 生成扩展集
554	23	expanded	af5ac8bc	expanded	Tanuki 生成扩展集
555	27	expanded	bc796c00	expanded	Tanuki 生成扩展集
556	25	expanded	c82936b1	expanded	Tanuki 生成扩展集
557	25	expanded	6acae5c2	expanded	Tanuki 生成扩展集
558	25	expanded	cbe0f1a4	expanded	Tanuki 生成扩展集
559	25	expanded	c3f725b5	expanded	Tanuki 生成扩展集
560	27	expanded	c3bfdfac	expanded	Tanuki 生成扩展集
561	23	expanded	93aec8a7	expanded	Tanuki 生成扩展集
562	25	expanded	21f46a6e	expanded	Tanuki 生成扩展集
563	23	expanded	5e034064	expanded	Tanuki 生成扩展集
564	25	expanded	cfc2b875	expanded	Tanuki 生成扩展集
565	23	expanded	1a91c325	expanded	Tanuki 生成扩展集
566	25	expanded	dcd1d6f3	expanded	Tanuki 生成扩展集
567	27	expanded	8b18d134	expanded	Tanuki 生成扩展集
568	27	expanded	02c34c34	expanded	Tanuki 生成扩展集
569	27	expanded	c94f1280	expanded	Tanuki 生成扩展集
570	27	expanded	f25bcf38	expanded	Tanuki 生成扩展集
